[
    {
        "id": 0,
        "name": "Action Figure 1",
        "price": 19.0,
        "category": "Toys",
        "quantity": 0,
        "rating": 4.31,
        "image_link": "Toys/Action Figure/Firefly fantasy sorcerer action figure toy 94736.jpg"
    },
    {
        "id": 1,
        "name": "Doll 1",
        "price": 16.61,
        "category": "Toys",
        "quantity": 0,
        "rating": 3.52,
        "image_link": "Toys/Doll/Firefly doll 96862.jpg"
    },
    {
        "id": 2,
        "name": "Monitor 1",
        "price": 166.0,
        "category": "Electronics",
        "quantity": 10,
        "rating": 4.91,
        "image_link": "Electronics/Monitor/Firefly desktop computer monitor 12345.jpg"
    },
    {
        "id": 3,
        "name": "Barbecue Grill 1",
        "price": 718.59,
        "category": "Home & Garden",
        "quantity": 6,
        "rating": 2.65,
        "image_link": "Home & Garden/Barbecue Grill/Firefly barbecue grill with steak, vegetables and sauce on white background 29459.jpg"
    },
    {
        "id": 4,
        "name": "VR Headset 1",
        "price": 739.07,
        "category": "Electronics",
        "quantity": 9,
        "rating": 4.83,
        "image_link": "Electronics/VR Headset/Firefly vr headset product on desk 99408.jpg"
    },
    {
        "id": 5,
        "name": "Tablet 1",
        "price": 390.18,
        "category": "Electronics",
        "quantity": 10,
        "rating": 1.04,
        "image_link": "Electronics/Tablet/Firefly tablet product on office desk 71446.jpg"
    },
    {
        "id": 6,
        "name": "Television 1",
        "price": 532.62,
        "category": "Electronics",
        "quantity": 1,
        "rating": 1.31,
        "image_link": "Electronics/Television/Firefly television product 99408.jpg"
    },
    {
        "id": 7,
        "name": "Earphones 1",
        "price": 43.8,
        "category": "Electronics",
        "quantity": 2,
        "rating": 2.23,
        "image_link": "Electronics/Earphones/Firefly earbuds product on wooden desk 40113.jpg"
    },
    {
        "id": 8,
        "name": "Doll 2",
        "price": 9.28,
        "category": "Toys",
        "quantity": 2,
        "rating": 2.39,
        "image_link": "Toys/Doll/Firefly doll 81380.jpg"
    },
    {
        "id": 9,
        "name": "Action Figure 2",
        "price": 9.92,
        "category": "Toys",
        "quantity": 10,
        "rating": 1.3,
        "image_link": "Toys/Action Figure/Firefly fantasy assassin action figure toy 95697.jpg"
    },
    {
        "id": 10,
        "name": "Ring 1",
        "price": 87.43,
        "category": "Clothing",
        "quantity": 6,
        "rating": 4.41,
        "image_link": "Clothing/Ring/Firefly ring product 92647.jpg"
    },
    {
        "id": 11,
        "name": "Action Figure 3",
        "price": 12.16,
        "category": "Toys",
        "quantity": 6,
        "rating": 2.61,
        "image_link": "Toys/Action Figure/Firefly fantasy warrior action figure toy 94736.jpg"
    },
    {
        "id": 12,
        "name": "Sunglasses 1",
        "price": 159.02,
        "category": "Clothing",
        "quantity": 5,
        "rating": 1.11,
        "image_link": "Clothing/Sunglasses/Firefly cool dog wearing sunglasses 78591.jpg"
    },
    {
        "id": 13,
        "name": "Ring 2",
        "price": 37.49,
        "category": "Clothing",
        "quantity": 10,
        "rating": 4.05,
        "image_link": "Clothing/Ring/Firefly ring product 59250.jpg"
    },
    {
        "id": 14,
        "name": "Shampoo 1",
        "price": 34.19,
        "category": "Beauty",
        "quantity": 8,
        "rating": 2.98,
        "image_link": "Beauty/Shampoo/Firefly neutral shampoo 21552.jpg"
    },
    {
        "id": 15,
        "name": "Rainwater Collector 1",
        "price": 85.08,
        "category": "Home & Garden",
        "quantity": 3,
        "rating": 2.0,
        "image_link": "Home & Garden/Rainwater Collector/Firefly rainwater collector tank 40647.jpg"
    },
    {
        "id": 16,
        "name": "Keyboard 1",
        "price": 24.36,
        "category": "Electronics",
        "quantity": 1,
        "rating": 3.17,
        "image_link": "Electronics/Keyboard/Firefly keyboard product on office desk 8805.jpg"
    },
    {
        "id": 17,
        "name": "Desktop PC 1",
        "price": 1828.36,
        "category": "Electronics",
        "quantity": 4,
        "rating": 4.4,
        "image_link": "Electronics/Desktop PC/Firefly desktop computer product 34170.jpg"
    },
    {
        "id": 18,
        "name": "Deodorant 1",
        "price": 4.79,
        "category": "Beauty",
        "quantity": 5,
        "rating": 4.54,
        "image_link": "Beauty/Deodorant/Firefly neutral deodorant 6541.jpg"
    },
    {
        "id": 19,
        "name": "Deodorant 2",
        "price": 3.22,
        "category": "Beauty",
        "quantity": 8,
        "rating": 2.39,
        "image_link": "Beauty/Deodorant/Firefly neutral deodorant 43347.jpg"
    },
    {
        "id": 20,
        "name": "Hose 1",
        "price": 17.25,
        "category": "Home & Garden",
        "quantity": 6,
        "rating": 3.79,
        "image_link": "Home & Garden/Hose/Firefly garden hose product 48845.jpg"
    },
    {
        "id": 21,
        "name": "T-shirt 1",
        "price": 15.29,
        "category": "Clothing",
        "quantity": 5,
        "rating": 4.98,
        "image_link": "Clothing/T-shirt/Firefly t-shirt clothing product 84494.jpg"
    },
    {
        "id": 22,
        "name": "Deck Chair 1",
        "price": 41.42,
        "category": "Home & Garden",
        "quantity": 7,
        "rating": 1.86,
        "image_link": "Home & Garden/Deck Chair/Firefly deck chair product 90955.jpg"
    },
    {
        "id": 23,
        "name": "Desktop PC 2",
        "price": 594.98,
        "category": "Electronics",
        "quantity": 9,
        "rating": 3.17,
        "image_link": "Electronics/Desktop PC/Firefly desktop computer case only product 82092.jpg"
    },
    {
        "id": 24,
        "name": "Earphones 2",
        "price": 30.22,
        "category": "Electronics",
        "quantity": 9,
        "rating": 3.84,
        "image_link": "Electronics/Earphones/Firefly earphones product on wooden desk 87841.jpg"
    },
    {
        "id": 25,
        "name": "Doll 3",
        "price": 12.74,
        "category": "Toys",
        "quantity": 2,
        "rating": 1.44,
        "image_link": "Toys/Doll/Firefly childrens doll 95697.jpg"
    },
    {
        "id": 26,
        "name": "Shower Gel 1",
        "price": 14.77,
        "category": "Beauty",
        "quantity": 3,
        "rating": 3.21,
        "image_link": "Beauty/Shower Gel/Firefly neutral shower gel 34739.jpg"
    },
    {
        "id": 27,
        "name": "Dress 1",
        "price": 244.57,
        "category": "Clothing",
        "quantity": 7,
        "rating": 2.07,
        "image_link": "Clothing/Dress/Firefly dress product, dark 75095.jpg"
    },
    {
        "id": 28,
        "name": "Deodorant 3",
        "price": 6.27,
        "category": "Beauty",
        "quantity": 2,
        "rating": 4.66,
        "image_link": "Beauty/Deodorant/Firefly neutral deodorant 80011.jpg"
    },
    {
        "id": 29,
        "name": "Garden Pool 1",
        "price": 246.27,
        "category": "Home & Garden",
        "quantity": 2,
        "rating": 4.39,
        "image_link": "Home & Garden/Garden Pool/Firefly paddling pool product 90955.jpg"
    },
    {
        "id": 30,
        "name": "Deck Chair 2",
        "price": 96.49,
        "category": "Home & Garden",
        "quantity": 0,
        "rating": 3.1,
        "image_link": "Home & Garden/Deck Chair/Firefly deck chair product 78429.jpg"
    },
    {
        "id": 31,
        "name": "Shampoo 2",
        "price": 24.69,
        "category": "Beauty",
        "quantity": 6,
        "rating": 2.77,
        "image_link": "Beauty/Shampoo/Firefly neutral shampoo 47539.jpg"
    },
    {
        "id": 32,
        "name": "Sunglasses 2",
        "price": 126.13,
        "category": "Clothing",
        "quantity": 2,
        "rating": 3.94,
        "image_link": "Clothing/Sunglasses/Firefly sunglasses product 56238.jpg"
    },
    {
        "id": 33,
        "name": "Lawn mower 1",
        "price": 60.8,
        "category": "Home & Garden",
        "quantity": 1,
        "rating": 2.41,
        "image_link": "Home & Garden/Lawn mower/Firefly lawn mower on grass 46164.jpg"
    },
    {
        "id": 34,
        "name": "Shower Gel 2",
        "price": 3.06,
        "category": "Beauty",
        "quantity": 0,
        "rating": 3.36,
        "image_link": "Beauty/Shower Gel/Firefly shower gel 52602.jpg"
    },
    {
        "id": 35,
        "name": "Keyboard 2",
        "price": 12.98,
        "category": "Electronics",
        "quantity": 8,
        "rating": 3.5,
        "image_link": "Electronics/Keyboard/Firefly keyboard product on office desk 40113.jpg"
    },
    {
        "id": 36,
        "name": "Tablet 2",
        "price": 173.01,
        "category": "Electronics",
        "quantity": 6,
        "rating": 4.17,
        "image_link": "Electronics/Tablet/Firefly tablet product on office desk 25333.jpg"
    },
    {
        "id": 37,
        "name": "Shampoo 3",
        "price": 9.24,
        "category": "Beauty",
        "quantity": 7,
        "rating": 1.46,
        "image_link": "Beauty/Shampoo/Firefly neutral shampoo 57744.jpg"
    },
    {
        "id": 38,
        "name": "Deodorant 4",
        "price": 4.68,
        "category": "Beauty",
        "quantity": 7,
        "rating": 3.43,
        "image_link": "Beauty/Deodorant/Firefly neutral deodorant 95908.jpg"
    },
    {
        "id": 39,
        "name": "Action Figure 4",
        "price": 4.56,
        "category": "Toys",
        "quantity": 4,
        "rating": 4.23,
        "image_link": "Toys/Action Figure/Firefly fantasy warrior action figure toy 81380.jpg"
    },
    {
        "id": 40,
        "name": "Action Figure 5",
        "price": 17.12,
        "category": "Toys",
        "quantity": 10,
        "rating": 4.66,
        "image_link": "Toys/Action Figure/Firefly fantasy sorcerer action figure toy 53777.jpg"
    },
    {
        "id": 41,
        "name": "Shower Gel 3",
        "price": 3.16,
        "category": "Beauty",
        "quantity": 3,
        "rating": 2.57,
        "image_link": "Beauty/Shower Gel/Firefly shower gel 25281.jpg"
    },
    {
        "id": 42,
        "name": "Trousers 1",
        "price": 43.78,
        "category": "Clothing",
        "quantity": 6,
        "rating": 3.48,
        "image_link": "Clothing/Trousers/Firefly trousers clothing product 81564.jpg"
    },
    {
        "id": 43,
        "name": "Hat 1",
        "price": 65.15,
        "category": "Clothing",
        "quantity": 5,
        "rating": 4.79,
        "image_link": "Clothing/Hat/Firefly hat product 20505.jpg"
    },
    {
        "id": 44,
        "name": "Desktop PC 3",
        "price": 1093.69,
        "category": "Electronics",
        "quantity": 10,
        "rating": 2.54,
        "image_link": "Electronics/Desktop PC/Firefly desktop computer case only product 33657.jpg"
    },
    {
        "id": 45,
        "name": "Ring 3",
        "price": 88.19,
        "category": "Clothing",
        "quantity": 1,
        "rating": 2.42,
        "image_link": "Clothing/Ring/Firefly ring product 44098.jpg"
    },
    {
        "id": 46,
        "name": "Jacket 1",
        "price": 61.82,
        "category": "Clothing",
        "quantity": 1,
        "rating": 3.77,
        "image_link": "Clothing/Jacket/Firefly jacket clothing product 25281.jpg"
    },
    {
        "id": 47,
        "name": "Shower Gel 4",
        "price": 13.95,
        "category": "Beauty",
        "quantity": 3,
        "rating": 4.72,
        "image_link": "Beauty/Shower Gel/Firefly shower gel 28122.jpg"
    },
    {
        "id": 48,
        "name": "Barbecue Grill 2",
        "price": 1455.8,
        "category": "Home & Garden",
        "quantity": 9,
        "rating": 3.74,
        "image_link": "Home & Garden/Barbecue Grill/Firefly barbecue grill with steak, vegetables and sauce on white background 40647.jpg"
    },
    {
        "id": 49,
        "name": "Hat 2",
        "price": 33.79,
        "category": "Clothing",
        "quantity": 5,
        "rating": 2.6,
        "image_link": "Clothing/Hat/Firefly hat product 44098.jpg"
    },
    {
        "id": 50,
        "name": "Mobile Phone 1",
        "price": 266.67,
        "category": "Electronics",
        "quantity": 10,
        "rating": 2.36,
        "image_link": "Electronics/Mobile Phone/Firefly mobile phone 48989.jpg"
    },
    {
        "id": 51,
        "name": "Jacket 2",
        "price": 72.21,
        "category": "Clothing",
        "quantity": 1,
        "rating": 3.98,
        "image_link": "Clothing/Jacket/Firefly jacket clothing product 52602.jpg"
    },
    {
        "id": 52,
        "name": "Belt 1",
        "price": 28.97,
        "category": "Clothing",
        "quantity": 5,
        "rating": 3.23,
        "image_link": "Clothing/Belt/Firefly belt 98832.jpg"
    },
    {
        "id": 53,
        "name": "Doll 4",
        "price": 14.78,
        "category": "Toys",
        "quantity": 9,
        "rating": 3.94,
        "image_link": "Toys/Doll/Firefly doll 94736.jpg"
    },
    {
        "id": 54,
        "name": "Trowel 1",
        "price": 19.84,
        "category": "Home & Garden",
        "quantity": 5,
        "rating": 1.56,
        "image_link": "Home & Garden/Trowel/Firefly trowel 28658.jpg"
    },
    {
        "id": 55,
        "name": "Shampoo 4",
        "price": 31.02,
        "category": "Beauty",
        "quantity": 6,
        "rating": 2.97,
        "image_link": "Beauty/Shampoo/Firefly neutral shampoo 34739.jpg"
    },
    {
        "id": 56,
        "name": "Doll 5",
        "price": 2.74,
        "category": "Toys",
        "quantity": 7,
        "rating": 1.19,
        "image_link": "Toys/Doll/Firefly doll 53777.jpg"
    },
    {
        "id": 57,
        "name": "Rainwater Collector 2",
        "price": 69.14,
        "category": "Home & Garden",
        "quantity": 4,
        "rating": 3.61,
        "image_link": "Home & Garden/Rainwater Collector/Firefly rainwater collector tank 29459.jpg"
    },
    {
        "id": 58,
        "name": "Rainwater Collector 3",
        "price": 94.6,
        "category": "Home & Garden",
        "quantity": 8,
        "rating": 3.79,
        "image_link": "Home & Garden/Rainwater Collector/Firefly rainwater collector tank 66810.jpg"
    },
    {
        "id": 59,
        "name": "VR Headset 2",
        "price": 207.91,
        "category": "Electronics",
        "quantity": 9,
        "rating": 3.78,
        "image_link": "Electronics/VR Headset/Firefly vr headset product on desk 58851.jpg"
    },
    {
        "id": 60,
        "name": "Garden Pool 2",
        "price": 206.96,
        "category": "Home & Garden",
        "quantity": 6,
        "rating": 2.77,
        "image_link": "Home & Garden/Garden Pool/Firefly paddling pool product 39616.jpg"
    },
    {
        "id": 61,
        "name": "Shampoo 5",
        "price": 34.07,
        "category": "Beauty",
        "quantity": 6,
        "rating": 4.86,
        "image_link": "Beauty/Shampoo/Firefly neutral shampoo 97786.jpg"
    },
    {
        "id": 62,
        "name": "Laptop 1",
        "price": 2437.99,
        "category": "Electronics",
        "quantity": 0,
        "rating": 3.45,
        "image_link": "Electronics/Laptop/Firefly laptop product 83382.jpg"
    },
    {
        "id": 63,
        "name": "Socks 1",
        "price": 19.66,
        "category": "Clothing",
        "quantity": 8,
        "rating": 1.8,
        "image_link": "Clothing/Socks/Firefly multipack socks product 50630.jpg"
    },
    {
        "id": 64,
        "name": "Mobile Phone 2",
        "price": 1715.4,
        "category": "Electronics",
        "quantity": 2,
        "rating": 3.84,
        "image_link": "Electronics/Mobile Phone/Firefly mobile phone 26919.jpg"
    },
    {
        "id": 65,
        "name": "Flower Pot 1",
        "price": 39.52,
        "category": "Home & Garden",
        "quantity": 2,
        "rating": 2.78,
        "image_link": "Home & Garden/Flower Pot/Firefly flower pot 223.jpg"
    },
    {
        "id": 66,
        "name": "Tabletop Game 1",
        "price": 138.36,
        "category": "Toys",
        "quantity": 3,
        "rating": 4.92,
        "image_link": "Toys/Tabletop Game/Firefly board game with figures and cards 79634.jpg"
    },
    {
        "id": 67,
        "name": "Shower Gel 5",
        "price": 5.55,
        "category": "Beauty",
        "quantity": 0,
        "rating": 1.73,
        "image_link": "Beauty/Shower Gel/Firefly shower gel 81564.jpg"
    },
    {
        "id": 68,
        "name": "Trousers 2",
        "price": 43.99,
        "category": "Clothing",
        "quantity": 9,
        "rating": 2.93,
        "image_link": "Clothing/Trousers/Firefly trousers clothing product 28122.jpg"
    },
    {
        "id": 69,
        "name": "Laptop 2",
        "price": 1528.26,
        "category": "Electronics",
        "quantity": 6,
        "rating": 1.17,
        "image_link": "Electronics/Laptop/Firefly laptop product 59061.jpg"
    },
    {
        "id": 70,
        "name": "Garden Pool 3",
        "price": 255.65,
        "category": "Home & Garden",
        "quantity": 4,
        "rating": 1.73,
        "image_link": "Home & Garden/Garden Pool/Firefly paddling pool product 47382.jpg"
    },
    {
        "id": 71,
        "name": "Hat 3",
        "price": 67.21,
        "category": "Clothing",
        "quantity": 2,
        "rating": 2.58,
        "image_link": "Clothing/Hat/Firefly hat product 59250.jpg"
    },
    {
        "id": 72,
        "name": "Deck Chair 3",
        "price": 47.74,
        "category": "Home & Garden",
        "quantity": 2,
        "rating": 4.03,
        "image_link": "Home & Garden/Deck Chair/Firefly deck chair product 45181.jpg"
    },
    {
        "id": 73,
        "name": "Lawn mower 2",
        "price": 136.42,
        "category": "Home & Garden",
        "quantity": 0,
        "rating": 1.14,
        "image_link": "Home & Garden/Lawn mower/Firefly lawn mower on grass 67801.jpg"
    },
    {
        "id": 74,
        "name": "Garden Pool 4",
        "price": 403.22,
        "category": "Home & Garden",
        "quantity": 6,
        "rating": 4.31,
        "image_link": "Home & Garden/Garden Pool/Firefly paddling pool product 78429.jpg"
    },
    {
        "id": 75,
        "name": "Socks 2",
        "price": 23.18,
        "category": "Clothing",
        "quantity": 3,
        "rating": 4.23,
        "image_link": "Clothing/Socks/Firefly multipack black socks product 56238.jpg"
    },
    {
        "id": 76,
        "name": "Socks 3",
        "price": 20.02,
        "category": "Clothing",
        "quantity": 0,
        "rating": 3.5,
        "image_link": "Clothing/Socks/Firefly multipack socks product 56238.jpg"
    },
    {
        "id": 77,
        "name": "Socks 4",
        "price": 21.03,
        "category": "Clothing",
        "quantity": 3,
        "rating": 1.54,
        "image_link": "Clothing/Socks/Firefly multipack black socks product 88058.jpg"
    },
    {
        "id": 78,
        "name": "Dress 2",
        "price": 163.79,
        "category": "Clothing",
        "quantity": 9,
        "rating": 2.31,
        "image_link": "Clothing/Dress/Firefly dress product item only 81805.jpg"
    },
    {
        "id": 79,
        "name": "Barbecue Grill 3",
        "price": 385.95,
        "category": "Home & Garden",
        "quantity": 10,
        "rating": 4.76,
        "image_link": "Home & Garden/Barbecue Grill/Firefly barbecue grill 19234.jpg"
    },
    {
        "id": 80,
        "name": "Earphones 3",
        "price": 35.17,
        "category": "Electronics",
        "quantity": 0,
        "rating": 4.85,
        "image_link": "Electronics/Earphones/Firefly earphones product on wooden desk 40113.jpg"
    },
    {
        "id": 81,
        "name": "Earphones 4",
        "price": 45.62,
        "category": "Electronics",
        "quantity": 7,
        "rating": 2.59,
        "image_link": "Electronics/Earphones/Firefly earphones product on wooden desk 82092.jpg"
    },
    {
        "id": 82,
        "name": "Jacket 3",
        "price": 208.83,
        "category": "Clothing",
        "quantity": 9,
        "rating": 2.99,
        "image_link": "Clothing/Jacket/Firefly jacket clothing product 81564.jpg"
    },
    {
        "id": 83,
        "name": "Shoes 1",
        "price": 185.57,
        "category": "Clothing",
        "quantity": 2,
        "rating": 1.96,
        "image_link": "Clothing/Shoes/Firefly shoes clothing product 28122.jpg"
    },
    {
        "id": 84,
        "name": "Barbecue Grill 4",
        "price": 381.07,
        "category": "Home & Garden",
        "quantity": 3,
        "rating": 2.79,
        "image_link": "Home & Garden/Barbecue Grill/Firefly barbecue grill with burning coal 28491.jpg"
    },
    {
        "id": 85,
        "name": "Trousers 3",
        "price": 39.59,
        "category": "Clothing",
        "quantity": 1,
        "rating": 1.48,
        "image_link": "Clothing/Trousers/Firefly trousers clothing product 48740.jpg"
    },
    {
        "id": 86,
        "name": "Dress 3",
        "price": 56.8,
        "category": "Clothing",
        "quantity": 4,
        "rating": 1.46,
        "image_link": "Clothing/Dress/Firefly dress product 51385.jpg"
    },
    {
        "id": 87,
        "name": "Tabletop Game 2",
        "price": 125.81,
        "category": "Toys",
        "quantity": 6,
        "rating": 3.79,
        "image_link": "Toys/Tabletop Game/Firefly strategy board game 50247.jpg"
    },
    {
        "id": 88,
        "name": "Belt 2",
        "price": 11.23,
        "category": "Clothing",
        "quantity": 4,
        "rating": 2.85,
        "image_link": "Clothing/Belt/Firefly belt 34739.jpg"
    },
    {
        "id": 89,
        "name": "Ring 4",
        "price": 93.89,
        "category": "Clothing",
        "quantity": 5,
        "rating": 3.39,
        "image_link": "Clothing/Ring/Firefly ring product 42162.jpg"
    },
    {
        "id": 90,
        "name": "Deodorant 5",
        "price": 2.88,
        "category": "Beauty",
        "quantity": 6,
        "rating": 3.08,
        "image_link": "Beauty/Deodorant/Firefly neutral deodorant 36532.jpg"
    },
    {
        "id": 91,
        "name": "Flower Pot 2",
        "price": 29.02,
        "category": "Home & Garden",
        "quantity": 8,
        "rating": 2.7,
        "image_link": "Home & Garden/Flower Pot/Firefly flower pot 40647.jpg"
    },
    {
        "id": 92,
        "name": "Trousers 4",
        "price": 72.41,
        "category": "Clothing",
        "quantity": 7,
        "rating": 4.72,
        "image_link": "Clothing/Trousers/Firefly trousers clothing product 84379.jpg"
    },
    {
        "id": 93,
        "name": "Barbecue Grill 5",
        "price": 631.06,
        "category": "Home & Garden",
        "quantity": 8,
        "rating": 2.82,
        "image_link": "Home & Garden/Barbecue Grill/Firefly barbecue grill product 59079.jpg"
    },
    {
        "id": 94,
        "name": "Deck Chair 4",
        "price": 97.36,
        "category": "Home & Garden",
        "quantity": 1,
        "rating": 2.41,
        "image_link": "Home & Garden/Deck Chair/Firefly deck chair product 223.jpg"
    },
    {
        "id": 95,
        "name": "Mobile Phone 3",
        "price": 1691.7,
        "category": "Electronics",
        "quantity": 9,
        "rating": 3.15,
        "image_link": "Electronics/Mobile Phone/Firefly simple image of a mobile phone product with black screen 14327.jpg"
    },
    {
        "id": 96,
        "name": "Deck Chair 5",
        "price": 98.72,
        "category": "Home & Garden",
        "quantity": 7,
        "rating": 1.62,
        "image_link": "Home & Garden/Deck Chair/Firefly deck chair product 39616.jpg"
    },
    {
        "id": 97,
        "name": "Sunglasses 3",
        "price": 17.87,
        "category": "Clothing",
        "quantity": 9,
        "rating": 2.43,
        "image_link": "Clothing/Sunglasses/Firefly sunglasses product 87928.jpg"
    },
    {
        "id": 98,
        "name": "Lawn mower 3",
        "price": 194.07,
        "category": "Home & Garden",
        "quantity": 1,
        "rating": 1.19,
        "image_link": "Home & Garden/Lawn mower/Firefly lawn mower on grass 19073.jpg"
    },
    {
        "id": 99,
        "name": "Tabletop Game 3",
        "price": 194.47,
        "category": "Toys",
        "quantity": 8,
        "rating": 1.65,
        "image_link": "Toys/Tabletop Game/Firefly fantasy roleplaying board game 94736.jpg"
    },
    {
        "id": 100,
        "name": "Shoes 2",
        "price": 188.3,
        "category": "Clothing",
        "quantity": 2,
        "rating": 4.7,
        "image_link": "Clothing/Shoes/Firefly shoes clothing product 81564.jpg"
    },
    {
        "id": 101,
        "name": "Belt 3",
        "price": 12.61,
        "category": "Clothing",
        "quantity": 2,
        "rating": 3.87,
        "image_link": "Clothing/Belt/Firefly belt 93101.jpg"
    },
    {
        "id": 102,
        "name": "Mobile Phone 4",
        "price": 861.35,
        "category": "Electronics",
        "quantity": 0,
        "rating": 4.66,
        "image_link": "Electronics/Mobile Phone/Firefly mobile phone 70288.jpg"
    },
    {
        "id": 103,
        "name": "Earphones 5",
        "price": 39.04,
        "category": "Electronics",
        "quantity": 7,
        "rating": 3.15,
        "image_link": "Electronics/Earphones/Firefly earbuds product on wooden desk 87841.jpg"
    },
    {
        "id": 104,
        "name": "Socks 5",
        "price": 8.26,
        "category": "Clothing",
        "quantity": 4,
        "rating": 2.01,
        "image_link": "Clothing/Socks/Firefly socks product 42162.jpg"
    },
    {
        "id": 105,
        "name": "Flower Pot 3",
        "price": 33.36,
        "category": "Home & Garden",
        "quantity": 5,
        "rating": 2.04,
        "image_link": "Home & Garden/Flower Pot/Firefly flower pot 29459.jpg"
    },
    {
        "id": 106,
        "name": "Belt 4",
        "price": 26.99,
        "category": "Clothing",
        "quantity": 6,
        "rating": 3.78,
        "image_link": "Clothing/Belt/Firefly belt 47539.jpg"
    },
    {
        "id": 107,
        "name": "Monitor 2",
        "price": 243.3,
        "category": "Electronics",
        "quantity": 8,
        "rating": 3.04,
        "image_link": "Electronics/Monitor/Firefly desktop computer monitor 36057.jpg"
    },
    {
        "id": 108,
        "name": "Hose 2",
        "price": 14.21,
        "category": "Home & Garden",
        "quantity": 5,
        "rating": 4.05,
        "image_link": "Home & Garden/Hose/Firefly garden hose product 45612.jpg"
    },
    {
        "id": 109,
        "name": "Desktop PC 4",
        "price": 2212.85,
        "category": "Electronics",
        "quantity": 8,
        "rating": 3.67,
        "image_link": "Electronics/Desktop PC/Firefly desktop computer case only product 40113.jpg"
    },
    {
        "id": 110,
        "name": "Keyboard 3",
        "price": 63.61,
        "category": "Electronics",
        "quantity": 4,
        "rating": 4.42,
        "image_link": "Electronics/Keyboard/Firefly keyboard product on office desk 33657.jpg"
    },
    {
        "id": 111,
        "name": "Desktop PC 5",
        "price": 1727.93,
        "category": "Electronics",
        "quantity": 6,
        "rating": 3.49,
        "image_link": "Electronics/Desktop PC/Firefly desktop computer case only product 87841.jpg"
    },
    {
        "id": 112,
        "name": "Tabletop Game 4",
        "price": 118.51,
        "category": "Toys",
        "quantity": 4,
        "rating": 2.98,
        "image_link": "Toys/Tabletop Game/Firefly fantasy roleplaying board game 96862.jpg"
    },
    {
        "id": 113,
        "name": "Lawn mower 4",
        "price": 130.32,
        "category": "Home & Garden",
        "quantity": 1,
        "rating": 1.49,
        "image_link": "Home & Garden/Lawn mower/Firefly lawn mower on grass 82513.jpg"
    },
    {
        "id": 114,
        "name": "Trousers 5",
        "price": 37.05,
        "category": "Clothing",
        "quantity": 0,
        "rating": 4.69,
        "image_link": "Clothing/Trousers/Firefly trousers clothing product 52602.jpg"
    },
    {
        "id": 115,
        "name": "T-shirt 2",
        "price": 13.72,
        "category": "Clothing",
        "quantity": 4,
        "rating": 2.76,
        "image_link": "Clothing/T-shirt/Firefly black t-shirt clothing product 48464.jpg"
    },
    {
        "id": 116,
        "name": "Rainwater Collector 4",
        "price": 90.78,
        "category": "Home & Garden",
        "quantity": 9,
        "rating": 3.3,
        "image_link": "Home & Garden/Rainwater Collector/Firefly rainwater collector tank 91667.jpg"
    },
    {
        "id": 117,
        "name": "Hat 4",
        "price": 45.58,
        "category": "Clothing",
        "quantity": 7,
        "rating": 3.05,
        "image_link": "Clothing/Hat/Firefly hat product 45320.jpg"
    },
    {
        "id": 118,
        "name": "Garden Pool 5",
        "price": 232.24,
        "category": "Home & Garden",
        "quantity": 0,
        "rating": 3.9,
        "image_link": "Home & Garden/Garden Pool/Firefly paddling pool product 223.jpg"
    },
    {
        "id": 119,
        "name": "Jacket 4",
        "price": 85.5,
        "category": "Clothing",
        "quantity": 4,
        "rating": 3.21,
        "image_link": "Clothing/Jacket/Firefly jacket clothing product 28122.jpg"
    },
    {
        "id": 120,
        "name": "Belt 5",
        "price": 48.79,
        "category": "Clothing",
        "quantity": 2,
        "rating": 3.04,
        "image_link": "Clothing/Belt/Firefly belt 88749.jpg"
    },
    {
        "id": 121,
        "name": "Spade 1",
        "price": 17.2,
        "category": "Home & Garden",
        "quantity": 10,
        "rating": 3.16,
        "image_link": "Home & Garden/Spade/Firefly gardening spade 98322.jpg"
    },
    {
        "id": 122,
        "name": "Tablet 3",
        "price": 445.19,
        "category": "Electronics",
        "quantity": 9,
        "rating": 3.4,
        "image_link": "Electronics/Tablet/Firefly tablet product on office desk 47048.jpg"
    },
    {
        "id": 123,
        "name": "Tablet 4",
        "price": 253.25,
        "category": "Electronics",
        "quantity": 7,
        "rating": 1.18,
        "image_link": "Electronics/Tablet/Firefly tablet product on office desk 45890.jpg"
    },
    {
        "id": 124,
        "name": "Laptop 3",
        "price": 2362.74,
        "category": "Electronics",
        "quantity": 10,
        "rating": 3.55,
        "image_link": "Electronics/Laptop/Firefly laptop product on office desk 8805.jpg"
    },
    {
        "id": 125,
        "name": "VR Headset 3",
        "price": 594.3,
        "category": "Electronics",
        "quantity": 8,
        "rating": 4.95,
        "image_link": "Electronics/VR Headset/Firefly vr headset product on desk 45890.jpg"
    },
    {
        "id": 126,
        "name": "Hose 3",
        "price": 8.9,
        "category": "Home & Garden",
        "quantity": 4,
        "rating": 4.54,
        "image_link": "Home & Garden/Hose/Firefly garden hose 48845.jpg"
    },
    {
        "id": 127,
        "name": "Monitor 3",
        "price": 62.6,
        "category": "Electronics",
        "quantity": 6,
        "rating": 3.6,
        "image_link": "Electronics/Monitor/Firefly desktop computer monitor 37512.jpg"
    },
    {
        "id": 128,
        "name": "Hat 5",
        "price": 70.12,
        "category": "Clothing",
        "quantity": 6,
        "rating": 2.04,
        "image_link": "Clothing/Hat/Firefly hat product 20646.jpg"
    },
    {
        "id": 129,
        "name": "Tablet 5",
        "price": 253.76,
        "category": "Electronics",
        "quantity": 5,
        "rating": 1.35,
        "image_link": "Electronics/Tablet/Firefly tablet product on office desk 32924.jpg"
    },
    {
        "id": 130,
        "name": "Hose 4",
        "price": 8.47,
        "category": "Home & Garden",
        "quantity": 8,
        "rating": 1.67,
        "image_link": "Home & Garden/Hose/Firefly garden hose product 47382.jpg"
    },
    {
        "id": 131,
        "name": "Jacket 5",
        "price": 58.69,
        "category": "Clothing",
        "quantity": 1,
        "rating": 4.66,
        "image_link": "Clothing/Jacket/Firefly jacket product 20505.jpg"
    },
    {
        "id": 132,
        "name": "Shoes 3",
        "price": 62.13,
        "category": "Clothing",
        "quantity": 0,
        "rating": 2.93,
        "image_link": "Clothing/Shoes/Firefly shoes clothing product 42162.jpg"
    },
    {
        "id": 133,
        "name": "Mobile Phone 5",
        "price": 1835.17,
        "category": "Electronics",
        "quantity": 10,
        "rating": 3.18,
        "image_link": "Electronics/Mobile Phone/Firefly mobile phone product 59061.jpg"
    },
    {
        "id": 134,
        "name": "Tabletop Game 5",
        "price": 175.67,
        "category": "Toys",
        "quantity": 3,
        "rating": 4.08,
        "image_link": "Toys/Tabletop Game/Firefly tabletop game 95697.jpg"
    },
    {
        "id": 135,
        "name": "Rainwater Collector 5",
        "price": 70.47,
        "category": "Home & Garden",
        "quantity": 9,
        "rating": 4.72,
        "image_link": "Home & Garden/Rainwater Collector/Firefly rainwater collector tank 6671.jpg"
    },
    {
        "id": 136,
        "name": "Dress 4",
        "price": 247.53,
        "category": "Clothing",
        "quantity": 4,
        "rating": 4.78,
        "image_link": "Clothing/Dress/Firefly dress product 93101.jpg"
    },
    {
        "id": 137,
        "name": "VR Headset 4",
        "price": 395.71,
        "category": "Electronics",
        "quantity": 9,
        "rating": 1.83,
        "image_link": "Electronics/VR Headset/Firefly vr headset product on desk 28610.jpg"
    },
    {
        "id": 138,
        "name": "Ring 5",
        "price": 31.95,
        "category": "Clothing",
        "quantity": 1,
        "rating": 3.17,
        "image_link": "Clothing/Ring/Firefly ring product 20505.jpg"
    },
    {
        "id": 139,
        "name": "Trowel 2",
        "price": 14.74,
        "category": "Home & Garden",
        "quantity": 9,
        "rating": 4.96,
        "image_link": "Home & Garden/Trowel/Firefly trowel 3470.jpg"
    },
    {
        "id": 140,
        "name": "Hose 5",
        "price": 9.2,
        "category": "Home & Garden",
        "quantity": 7,
        "rating": 4.16,
        "image_link": "Home & Garden/Hose/Firefly garden hose 32311.jpg"
    },
    {
        "id": 141,
        "name": "T-shirt 3",
        "price": 11.24,
        "category": "Clothing",
        "quantity": 1,
        "rating": 4.91,
        "image_link": "Clothing/T-shirt/Firefly t-shirt clothing product 48740.jpg"
    },
    {
        "id": 142,
        "name": "Sunglasses 4",
        "price": 28.99,
        "category": "Clothing",
        "quantity": 4,
        "rating": 1.1,
        "image_link": "Clothing/Sunglasses/Firefly sunglasses product 78591.jpg"
    },
    {
        "id": 143,
        "name": "Keyboard 4",
        "price": 49.34,
        "category": "Electronics",
        "quantity": 3,
        "rating": 2.49,
        "image_link": "Electronics/Keyboard/Firefly keyboard product on office desk 36057.jpg"
    },
    {
        "id": 144,
        "name": "VR Headset 5",
        "price": 411.97,
        "category": "Electronics",
        "quantity": 7,
        "rating": 3.89,
        "image_link": "Electronics/VR Headset/Firefly vr headset product on desk 45181.jpg"
    },
    {
        "id": 145,
        "name": "Laptop 4",
        "price": 1937.96,
        "category": "Electronics",
        "quantity": 7,
        "rating": 1.28,
        "image_link": "Electronics/Laptop/Firefly laptop product 23942.jpg"
    },
    {
        "id": 146,
        "name": "Smart Watch 1",
        "price": 57.36,
        "category": "Electronics",
        "quantity": 10,
        "rating": 2.22,
        "image_link": "Electronics/Smart Watch/Firefly smart watch product on office desk 37512.jpg"
    },
    {
        "id": 147,
        "name": "Monitor 4",
        "price": 106.74,
        "category": "Electronics",
        "quantity": 10,
        "rating": 2.63,
        "image_link": "Electronics/Monitor/Firefly desktop computer monitor 8805.jpg"
    },
    {
        "id": 148,
        "name": "Smart Watch 2",
        "price": 253.04,
        "category": "Electronics",
        "quantity": 7,
        "rating": 1.28,
        "image_link": "Electronics/Smart Watch/Firefly smart watch on office desk 16973.jpg"
    },
    {
        "id": 149,
        "name": "Shoes 4",
        "price": 125.12,
        "category": "Clothing",
        "quantity": 0,
        "rating": 4.33,
        "image_link": "Clothing/Shoes/Firefly shoes clothing product 25281.jpg"
    },
    {
        "id": 150,
        "name": "Flower Pot 4",
        "price": 38.86,
        "category": "Home & Garden",
        "quantity": 6,
        "rating": 3.9,
        "image_link": "Home & Garden/Flower Pot/Firefly flower pot 6671.jpg"
    },
    {
        "id": 151,
        "name": "Laptop 5",
        "price": 2032.76,
        "category": "Electronics",
        "quantity": 7,
        "rating": 2.55,
        "image_link": "Electronics/Laptop/Firefly laptop product 2870.jpg"
    },
    {
        "id": 152,
        "name": "Lawn mower 5",
        "price": 126.81,
        "category": "Home & Garden",
        "quantity": 8,
        "rating": 3.1,
        "image_link": "Home & Garden/Lawn mower/Firefly lawn mower on grass 69588.jpg"
    },
    {
        "id": 153,
        "name": "Shoes 5",
        "price": 46.9,
        "category": "Clothing",
        "quantity": 7,
        "rating": 4.31,
        "image_link": "Clothing/Shoes/Firefly shoes clothing product 52602.jpg"
    },
    {
        "id": 154,
        "name": "Sunglasses 5",
        "price": 22.92,
        "category": "Clothing",
        "quantity": 1,
        "rating": 2.27,
        "image_link": "Clothing/Sunglasses/Firefly sunglasses product 50630.jpg"
    },
    {
        "id": 155,
        "name": "Television 2",
        "price": 784.15,
        "category": "Electronics",
        "quantity": 4,
        "rating": 3.17,
        "image_link": "Electronics/Television/Firefly simple image of a tv product with black screen 68721.jpg"
    },
    {
        "id": 156,
        "name": "T-shirt 4",
        "price": 24.49,
        "category": "Clothing",
        "quantity": 6,
        "rating": 2.41,
        "image_link": "Clothing/T-shirt/Firefly brown t-shirt clothing product 15315.jpg"
    },
    {
        "id": 157,
        "name": "Smart Watch 3",
        "price": 228.82,
        "category": "Electronics",
        "quantity": 1,
        "rating": 2.01,
        "image_link": "Electronics/Smart Watch/Firefly smartwatch on office desk 47048.jpg"
    },
    {
        "id": 158,
        "name": "Monitor 5",
        "price": 77.76,
        "category": "Electronics",
        "quantity": 0,
        "rating": 2.3,
        "image_link": "Electronics/Monitor/Firefly desktop computer monitor 47539.jpg"
    },
    {
        "id": 159,
        "name": "Flower Pot 5",
        "price": 6.08,
        "category": "Home & Garden",
        "quantity": 9,
        "rating": 1.05,
        "image_link": "Home & Garden/Flower Pot/Firefly flower pot 66810.jpg"
    },
    {
        "id": 160,
        "name": "Smart Watch 4",
        "price": 171.25,
        "category": "Electronics",
        "quantity": 8,
        "rating": 2.68,
        "image_link": "Electronics/Smart Watch/Firefly smartwatch on office desk 71446.jpg"
    },
    {
        "id": 161,
        "name": "T-shirt 5",
        "price": 22.48,
        "category": "Clothing",
        "quantity": 4,
        "rating": 2.33,
        "image_link": "Clothing/T-shirt/Firefly cool dog wearing a shirt 40113.jpg"
    },
    {
        "id": 162,
        "name": "Trowel 3",
        "price": 13.07,
        "category": "Home & Garden",
        "quantity": 1,
        "rating": 3.12,
        "image_link": "Home & Garden/Trowel/Firefly trowel 90296.jpg"
    },
    {
        "id": 163,
        "name": "Television 3",
        "price": 1391.09,
        "category": "Electronics",
        "quantity": 6,
        "rating": 3.85,
        "image_link": "Electronics/Television/Firefly simple image of a tv product with black screen 21577.jpg"
    },
    {
        "id": 164,
        "name": "Spade 2",
        "price": 24.31,
        "category": "Home & Garden",
        "quantity": 1,
        "rating": 2.66,
        "image_link": "Home & Garden/Spade/Firefly gardening spade 44055.jpg"
    },
    {
        "id": 165,
        "name": "Television 4",
        "price": 1601.35,
        "category": "Electronics",
        "quantity": 3,
        "rating": 4.81,
        "image_link": "Electronics/Television/Firefly simple image of a tv product with black screen 69828.jpg"
    },
    {
        "id": 166,
        "name": "Dress 5",
        "price": 222.39,
        "category": "Clothing",
        "quantity": 5,
        "rating": 2.9,
        "image_link": "Clothing/Dress/Firefly dress product, dark 43146.jpg"
    },
    {
        "id": 167,
        "name": "Trowel 4",
        "price": 11.75,
        "category": "Home & Garden",
        "quantity": 8,
        "rating": 1.79,
        "image_link": "Home & Garden/Trowel/Firefly trowel 34997.jpg"
    },
    {
        "id": 168,
        "name": "Keyboard 5",
        "price": 25.95,
        "category": "Electronics",
        "quantity": 8,
        "rating": 4.28,
        "image_link": "Electronics/Keyboard/Firefly keyboard product on office desk 48989.jpg"
    },
    {
        "id": 169,
        "name": "Television 5",
        "price": 683.66,
        "category": "Electronics",
        "quantity": 0,
        "rating": 1.67,
        "image_link": "Electronics/Television/Firefly simple image of a tv product with black screen 14327.jpg"
    },
    {
        "id": 170,
        "name": "Smart Watch 5",
        "price": 233.17,
        "category": "Electronics",
        "quantity": 8,
        "rating": 2.78,
        "image_link": "Electronics/Smart Watch/Firefly smart watch product on office desk 50140.jpg"
    },
    {
        "id": 171,
        "name": "Spade 3",
        "price": 11.7,
        "category": "Home & Garden",
        "quantity": 10,
        "rating": 1.58,
        "image_link": "Home & Garden/Spade/Firefly gardening spade 34997.jpg"
    },
    {
        "id": 172,
        "name": "Trowel 5",
        "price": 8.5,
        "category": "Home & Garden",
        "quantity": 8,
        "rating": 4.08,
        "image_link": "Home & Garden/Trowel/Firefly trowel 58033.jpg"
    },
    {
        "id": 173,
        "name": "Spade 4",
        "price": 26.48,
        "category": "Home & Garden",
        "quantity": 9,
        "rating": 4.12,
        "image_link": "Home & Garden/Spade/Firefly gardening spade 51170.jpg"
    },
    {
        "id": 174,
        "name": "Spade 5",
        "price": 19.06,
        "category": "Home & Garden",
        "quantity": 8,
        "rating": 2.41,
        "image_link": "Home & Garden/Spade/Firefly gardening spade 65295.jpg"
    }
]